{
  "loss": 0.0003460307780187577,
  "val_loss": 0.00010702614963520318,
  "epoch": 146,
  "global_step": 9408
}