{
  "loss": 0.0003116054576821625,
  "val_loss": 0.00010588561417534947,
  "epoch": 144,
  "global_step": 9280
}